desired_shift_pixels_x,desired_shift_pixels_y,HA,Dec,Noise,Spectral index
0,0,0.3731713841612274,-1.1869631869827444,1.1600938383293071,-1.6919683878626484
