desired_shift_pixels_x,desired_shift_pixels_y,HA,Dec,Noise,Spectral index
0,0,0.13167711191295706,-0.5310914387358547,1.0170319922252558,-0.44780004652850947
