desired_shift_pixels_x,desired_shift_pixels_y,HA,Dec,Noise,Spectral index
0,0,0.40623346434819774,0.8161640174397236,1.498406209092431,-1.4031836579192065
