selected_rfi_types,HA,Dec
['near'],0.03309981905750341,0.18437839344391338
