desired_shift_pixels_x,desired_shift_pixels_y,HA,Dec,Noise,Spectral index
0,0,0.05693209535627955,-0.07902367470243066,1.7112962628482606,1.8266295044067151
