desired_shift_pixels_x,desired_shift_pixels_y,HA,Dec,Noise,Spectral index
0,0,0.23995136233016673,-1.423956706978471,1.1956085547515798,1.4936580132596649
